Municipality,County,Muni_and_County,Year,Square_Miles,Population 
aberdeen township,monmouth,Aberdeen township Monmouth,2015,5.6,18282
aberdeen township,monmouth,Aberdeen township Monmouth,2020,5.6,18729
absecon city,atlantic,Absecon city Atlantic,2015,7.2,8394
absecon city,atlantic,Absecon city Atlantic,2020,7.2,8471
alexandria township,hunterdon,Alexandria township Hunterdon,2015,27.7,4882
alexandria township,hunterdon,Alexandria township Hunterdon,2020,27.7,4769
allamuchy township,warren,Allamuchy township Warren,2015,20.3,4499
allamuchy township,warren,Allamuchy township Warren,2020,20.3,4640
allendale borough,bergen,Allendale borough Bergen,2015,3.1,6717
allendale borough,bergen,Allendale borough Bergen,2020,3.1,6757
allenhurst borough,monmouth,Allenhurst borough Monmouth,2015,0.3,486
allenhurst borough,monmouth,Allenhurst borough Monmouth,2020,0.3,492
allentown borough,monmouth,Allentown borough Monmouth,2015,0.6,1888
allentown borough,monmouth,Allentown borough Monmouth,2020,0.6,1740
alloway township,salem,Alloway township Salem,2015,33.9,3417
alloway township,salem,Alloway township Salem,2020,33.9,3359
alpha borough,warren,Alpha borough Warren,2015,1.7,2272
alpha borough,warren,Alpha borough Warren,2020,1.7,2141
alpine borough,bergen,Alpine borough Bergen,2015,6.4,1559
alpine borough,bergen,Alpine borough Bergen,2020,6.4,1459
andover borough,sussex,Andover borough Sussex,2015,1.4,662
andover borough,sussex,Andover borough Sussex,2020,1.4,675
andover township,sussex,Andover township Sussex,2015,20.8,6127
andover township,sussex,Andover township Sussex,2020,20.8,5914
asbury park city,monmouth,Asbury Park city Monmouth,2015,1.5,15945
asbury park city,monmouth,Asbury Park city Monmouth,2020,1.5,15536
atlantic city city,atlantic,Atlantic City city Atlantic,2015,15.9,39547
atlantic city city,atlantic,Atlantic City city Atlantic,2020,15.9,37793
atlantic highlands borough,monmouth,Atlantic Highlands borough Monmouth,2015,1.2,4346
atlantic highlands borough,monmouth,Atlantic Highlands borough Monmouth,2020,1.2,4312
audubon borough,camden,Audubon borough Camden,2015,1.5,8772
audubon borough,camden,Audubon borough Camden,2020,1.5,8656
audubon park borough,camden,Audubon Park borough Camden,2015,0.2,1010
audubon park borough,camden,Audubon Park borough Camden,2020,0.2,969
avalon borough,cape may,Avalon borough Cape May,2015,5.0,1596
avalon borough,cape may,Avalon borough Cape May,2020,5.0,1456
avon-by-the-sea borough,monmouth,Avon-by-the-Sea borough Monmouth,2015,0.5,1809
avon-by-the-sea borough,monmouth,Avon-by-the-Sea borough Monmouth,2020,0.5,1731
barnegat light borough,ocean,Barnegat Light borough Ocean,2015,1.3,589
barnegat light borough,ocean,Barnegat Light borough Ocean,2020,1.3,461
barnegat township,ocean,Barnegat township Ocean,2015,40.3,21617
barnegat township,ocean,Barnegat township Ocean,2020,40.3,23155
barrington borough,camden,Barrington borough Camden,2015,1.6,6877
barrington borough,camden,Barrington borough Camden,2020,1.6,6678
bass river township,burlington,Bass River township Burlington,2015,78.3,1468
bass river township,burlington,Bass River township Burlington,2020,78.3,1225
bay head borough,ocean,Bay Head borough Ocean,2015,0.7,992
bay head borough,ocean,Bay Head borough Ocean,2020,0.7,1050
bayonne city,hudson,Bayonne city Hudson,2015,7.7,65378
bayonne city,hudson,Bayonne city Hudson,2020,7.7,65112
beach haven borough,ocean,Beach Haven borough Ocean,2015,2.3,991
beach haven borough,ocean,Beach Haven borough Ocean,2020,2.3,979
beachwood borough,ocean,Beachwood borough Ocean,2015,2.8,11128
beachwood borough,ocean,Beachwood borough Ocean,2020,2.8,11274
bedminster township,somerset,Bedminster township Somerset,2015,26.4,8251
bedminster township,somerset,Bedminster township Somerset,2020,26.4,8042
belleville township,essex,Belleville township Essex,2015,3.4,36178
belleville township,essex,Belleville township Essex,2020,3.4,36340
bellmawr borough,camden,Bellmawr borough Camden,2015,3.1,11507
bellmawr borough,camden,Bellmawr borough Camden,2020,3.1,11375
belmar borough,monmouth,Belmar borough Monmouth,2015,1.5,5745
belmar borough,monmouth,Belmar borough Monmouth,2020,1.5,5613
belvidere town,warren,Belvidere town Warren,2015,1.5,2634
belvidere town,warren,Belvidere town Warren,2020,1.5,2573
bergenfield borough,bergen,Bergenfield borough Bergen,2015,2.9,27339
bergenfield borough,bergen,Bergenfield borough Bergen,2020,2.9,27375
berkeley heights township,union,Berkeley Heights township Union,2015,6.3,13339
berkeley heights township,union,Berkeley Heights township Union,2020,6.3,13321
berkeley township,ocean,Berkeley township Ocean,2015,54.2,41480
berkeley township,ocean,Berkeley township Ocean,2020,54.2,41963
berlin borough,camden,Berlin borough Camden,2015,3.6,7618
berlin borough,camden,Berlin borough Camden,2020,3.6,7543
berlin township,camden,Berlin township Camden,2015,3.3,5380
berlin township,camden,Berlin township Camden,2020,3.3,5647
bernards township,somerset,Bernards township Somerset,2015,24.3,26983
bernards township,somerset,Bernards township Somerset,2020,24.3,27114
bernardsville borough,somerset,Bernardsville borough Somerset,2015,12.9,7786
bernardsville borough,somerset,Bernardsville borough Somerset,2020,12.9,7641
bethlehem township,hunterdon,Bethlehem township Hunterdon,2015,20.8,3922
bethlehem township,hunterdon,Bethlehem township Hunterdon,2020,20.8,3864
beverly city,burlington,Beverly city Burlington,2015,0.8,2569
beverly city,burlington,Beverly city Burlington,2020,0.8,2425
blairstown township,warren,Blairstown township Warren,2015,30.8,5850
blairstown township,warren,Blairstown township Warren,2020,30.8,5727
bloomfield township,essex,Bloomfield township Essex,2015,5.4,47831
bloomfield township,essex,Bloomfield township Essex,2020,5.4,49733
bloomingdale borough,passaic,Bloomingdale borough Passaic,2015,9.2,7933
bloomingdale borough,passaic,Bloomingdale borough Passaic,2020,9.2,8080
bloomsbury borough,hunterdon,Bloomsbury borough Hunterdon,2015,1.0,720
bloomsbury borough,hunterdon,Bloomsbury borough Hunterdon,2020,1.0,786
bogota borough,bergen,Bogota borough Bergen,2015,0.8,8329
bogota borough,bergen,Bogota borough Bergen,2020,0.8,8375
boonton town,morris,Boonton town Morris,2015,2.5,8422
boonton town,morris,Boonton town Morris,2020,2.5,8510
boonton township,morris,Boonton township Morris,2015,8.5,4339
boonton township,morris,Boonton township Morris,2020,8.5,4275
bordentown city,burlington,Bordentown city Burlington,2015,1.0,3903
bordentown city,burlington,Bordentown city Burlington,2020,1.0,3808
bordentown township,burlington,Bordentown township Burlington,2015,9.3,11566
bordentown township,burlington,Bordentown township Burlington,2020,9.3,12103
bound brook borough,somerset,Bound Brook borough Somerset,2015,1.7,10515
bound brook borough,somerset,Bound Brook borough Somerset,2020,1.7,10254
bradley beach borough,monmouth,Bradley Beach borough Monmouth,2015,0.6,4297
bradley beach borough,monmouth,Bradley Beach borough Monmouth,2020,0.6,4175
branchburg township,somerset,Branchburg township Somerset,2015,20.3,14673
branchburg township,somerset,Branchburg township Somerset,2020,20.3,14509
branchville borough,sussex,Branchville borough Sussex,2015,0.6,889
branchville borough,sussex,Branchville borough Sussex,2020,0.6,1054
brick township,ocean,Brick township Ocean,2015,32.4,74991
brick township,ocean,Brick township Ocean,2020,32.4,75793
bridgeton city,cumberland,Bridgeton city Cumberland,2015,6.5,25201
bridgeton city,cumberland,Bridgeton city Cumberland,2020,6.5,24264
bridgewater township,somerset,Bridgewater township Somerset,2015,32.4,45120
bridgewater township,somerset,Bridgewater township Somerset,2020,32.4,44379
brielle borough,monmouth,Brielle borough Monmouth,2015,2.3,4769
brielle borough,monmouth,Brielle borough Monmouth,2020,2.3,4683
brigantine city,atlantic,Brigantine city Atlantic,2015,10.7,9347
brigantine city,atlantic,Brigantine city Atlantic,2020,10.7,8725
brooklawn borough,camden,Brooklawn borough Camden,2015,0.5,1944
brooklawn borough,camden,Brooklawn borough Camden,2020,0.5,1888
buena borough,atlantic,Buena borough Atlantic,2015,7.6,4566
buena borough,atlantic,Buena borough Atlantic,2020,7.6,4323
buena vista township,atlantic,Buena Vista township Atlantic,2015,41.6,7558
buena vista township,atlantic,Buena Vista township Atlantic,2020,41.6,7269
burlington city,burlington,Burlington city Burlington,2015,3.8,9868
burlington city,burlington,Burlington city Burlington,2020,3.8,9845
burlington township,burlington,Burlington township Burlington,2015,14.1,22653
burlington township,burlington,Burlington township Burlington,2020,14.1,22600
butler borough,morris,Butler borough Morris,2015,2.1,7659
butler borough,morris,Butler borough Morris,2020,2.1,7669
byram township,sussex,Byram township Sussex,2015,22.7,8175
byram township,sussex,Byram township Sussex,2020,22.7,7944
caldwell borough,essex,Caldwell borough Essex,2015,1.2,7902
caldwell borough,essex,Caldwell borough Essex,2020,1.2,7970
califon borough,hunterdon,Califon borough Hunterdon,2015,1.0,1283
califon borough,hunterdon,Califon borough Hunterdon,2020,1.0,1184
camden city,camden,Camden city Camden,2015,10.5,76904
camden city,camden,Camden city Camden,2020,10.5,73742
cape may city,cape may,Cape May city Cape May,2015,2.9,3553
cape may city,cape may,Cape May city Cape May,2020,2.9,3446
cape may point borough,cape may,Cape May Point borough Cape May,2015,0.3,240
cape may point borough,cape may,Cape May Point borough Cape May,2020,0.3,165
carlstadt borough,bergen,Carlstadt borough Bergen,2015,4.2,6225
carlstadt borough,bergen,Carlstadt borough Bergen,2020,4.2,6158
carneys point township,salem,Carneys Point township Salem,2015,17.7,7919
carneys point township,salem,Carneys Point township Salem,2020,17.7,7722
carteret borough,middlesex,Carteret borough Middlesex,2015,4.5,23965
carteret borough,middlesex,Carteret borough Middlesex,2020,4.5,23501
cedar grove township,essex,Cedar Grove township Essex,2015,4.4,12529
cedar grove township,essex,Cedar Grove township Essex,2020,4.4,12593
chatham borough,morris,Chatham borough Morris,2015,2.4,9011
chatham borough,morris,Chatham borough Morris,2020,2.4,8729
chatham township,morris,Chatham township Morris,2015,9.3,10569
chatham township,morris,Chatham township Morris,2020,9.3,10216
cherry hill township,camden,Cherry Hill township Camden,2015,24.2,70989
cherry hill township,camden,Cherry Hill township Camden,2020,24.2,71237
chesilhurst borough,camden,Chesilhurst borough Camden,2015,1.7,1662
chesilhurst borough,camden,Chesilhurst borough Camden,2020,1.7,1440
chester borough,morris,Chester borough Morris,2015,1.6,1612
chester borough,morris,Chester borough Morris,2020,1.6,1514
chester township,morris,Chester township Morris,2015,29.2,7942
chester township,morris,Chester township Morris,2020,29.2,7734
chesterfield township,burlington,Chesterfield township Burlington,2015,21.5,7704
chesterfield township,burlington,Chesterfield township Burlington,2020,21.5,7484
cinnaminson township,burlington,Cinnaminson township Burlington,2015,8.0,16441
cinnaminson township,burlington,Cinnaminson township Burlington,2020,8.0,16429
city of orange township,essex,City of Orange township Essex,2015,2.2,30373
city of orange township,essex,City of Orange township Essex,2020,2.2,30570
clark township,union,Clark township Union,2015,4.5,15144
clark township,union,Clark township Union,2020,4.5,15847
clayton borough,gloucester,Clayton borough Gloucester,2015,7.3,8292
clayton borough,gloucester,Clayton borough Gloucester,2020,7.3,8688
clementon borough,camden,Clementon borough Camden,2015,2.0,4968
clementon borough,camden,Clementon borough Camden,2020,2.0,4939
cliffside park borough,bergen,Cliffside Park borough Bergen,2015,1.0,24493
cliffside park borough,bergen,Cliffside Park borough Bergen,2020,1.0,25410
clifton city,passaic,Clifton city Passaic,2015,11.4,85552
clifton city,passaic,Clifton city Passaic,2020,11.4,85201
clinton town,hunterdon,Clinton town Hunterdon,2015,1.4,2681
clinton town,hunterdon,Clinton town Hunterdon,2020,1.4,2699
clinton township,hunterdon,Clinton township Hunterdon,2015,33.9,13187
clinton township,hunterdon,Clinton township Hunterdon,2020,33.9,12909
closter borough,bergen,Closter borough Bergen,2015,3.3,8582
closter borough,bergen,Closter borough Bergen,2020,3.3,8551
collingswood borough,camden,Collingswood borough Camden,2015,1.9,13925
collingswood borough,camden,Collingswood borough Camden,2020,1.9,13882
colts neck township,monmouth,Colts Neck township Monmouth,2015,31.8,10075
colts neck township,monmouth,Colts Neck township Monmouth,2020,31.8,9863
commercial township,cumberland,Commercial township Cumberland,2015,33.9,5143
commercial township,cumberland,Commercial township Cumberland,2020,33.9,4936
corbin city city,atlantic,Corbin City city Atlantic,2015,9.0,482
corbin city city,atlantic,Corbin City city Atlantic,2020,9.0,704
cranbury township,middlesex,Cranbury township Middlesex,2015,13.4,3781
cranbury township,middlesex,Cranbury township Middlesex,2020,13.4,3912
cranford township,union,Cranford township Union,2015,4.9,23328
cranford township,union,Cranford township Union,2020,4.9,24036
cresskill borough,bergen,Cresskill borough Bergen,2015,2.1,8729
cresskill borough,bergen,Cresskill borough Bergen,2020,2.1,8701
deal borough,monmouth,Deal borough Monmouth,2015,1.2,757
deal borough,monmouth,Deal borough Monmouth,2020,1.2,528
deerfield township,cumberland,Deerfield township Cumberland,2015,16.9,3118
deerfield township,cumberland,Deerfield township Cumberland,2020,16.9,3028
delanco township,burlington,Delanco township Burlington,2015,3.3,4542
delanco township,burlington,Delanco township Burlington,2020,3.3,4448
delaware township,hunterdon,Delaware township Hunterdon,2015,37.0,4516
delaware township,hunterdon,Delaware township Hunterdon,2020,37.0,4443
delran township,burlington,Delran township Burlington,2015,7.2,16856
delran township,burlington,Delran township Burlington,2020,7.2,16502
demarest borough,bergen,Demarest borough Bergen,2015,2.1,5004
demarest borough,bergen,Demarest borough Bergen,2020,2.1,4911
dennis township,cape may,Dennis township Cape May,2015,63.8,6378
dennis township,cape may,Dennis township Cape May,2020,63.8,6168
denville township,morris,Denville township Morris,2015,12.7,16820
denville township,morris,Denville township Morris,2020,12.7,16536
deptford township,gloucester,Deptford township Gloucester,2015,17.6,30538
deptford township,gloucester,Deptford township Gloucester,2020,17.6,30433
dover town,morris,Dover town Morris,2015,2.7,18324
dover town,morris,Dover town Morris,2020,2.7,17866
downe township,cumberland,Downe township Cumberland,2015,53.2,1493
downe township,cumberland,Downe township Cumberland,2020,53.2,1183
dumont borough,bergen,Dumont borough Bergen,2015,2.0,17820
dumont borough,bergen,Dumont borough Bergen,2020,2.0,17598
dunellen borough,middlesex,Dunellen borough Middlesex,2015,1.1,7368
dunellen borough,middlesex,Dunellen borough Middlesex,2020,1.1,7215
eagleswood township,ocean,Eagleswood township Ocean,2015,18.9,1556
eagleswood township,ocean,Eagleswood township Ocean,2020,18.9,1558
east amwell township,hunterdon,East Amwell township Hunterdon,2015,28.6,3957
east amwell township,hunterdon,East Amwell township Hunterdon,2020,28.6,3877
east brunswick township,middlesex,East Brunswick township Middlesex,2015,22.4,48426
east brunswick township,middlesex,East Brunswick township Middlesex,2020,22.4,47928
east greenwich township,gloucester,East Greenwich township Gloucester,2015,14.9,10193
east greenwich township,gloucester,East Greenwich township Gloucester,2020,14.9,10619
east hanover township,morris,East Hanover township Morris,2015,8.1,11248
east hanover township,morris,East Hanover township Morris,2020,8.1,11009
east newark borough,hudson,East Newark borough Hudson,2015,0.1,2577
east newark borough,hudson,East Newark borough Hudson,2020,0.1,2634
east orange city,essex,East Orange city Essex,2015,3.9,64578
east orange city,essex,East Orange city Essex,2020,3.9,64650
east rutherford borough,bergen,East Rutherford borough Bergen,2015,4.0,9076
east rutherford borough,bergen,East Rutherford borough Bergen,2020,4.0,9707
east windsor township,mercer,East Windsor township Mercer,2015,15.7,27501
east windsor township,mercer,East Windsor township Mercer,2020,15.7,27275
eastampton township,burlington,Eastampton township Burlington,2015,5.8,6032
eastampton township,burlington,Eastampton township Burlington,2020,5.8,6015
eatontown borough,monmouth,Eatontown borough Monmouth,2015,5.9,12298
eatontown borough,monmouth,Eatontown borough Monmouth,2020,5.9,12195
edgewater borough,bergen,Edgewater borough Bergen,2015,1.0,11935
edgewater borough,bergen,Edgewater borough Bergen,2020,1.0,12890
edgewater park township,burlington,Edgewater Park township Burlington,2015,3.1,8848
edgewater park township,burlington,Edgewater Park township Burlington,2020,3.1,8670
edison township,middlesex,Edison township Middlesex,2015,30.6,101865
edison township,middlesex,Edison township Middlesex,2020,30.6,99876
egg harbor city city,atlantic,Egg Harbor City city Atlantic,2015,11.4,4246
egg harbor city city,atlantic,Egg Harbor City city Atlantic,2020,11.4,4072
egg harbor township,atlantic,Egg Harbor township Atlantic,2015,75.5,43860
egg harbor township,atlantic,Egg Harbor township Atlantic,2020,75.5,42460
elizabeth city,union,Elizabeth city Union,2015,13.9,127759
elizabeth city,union,Elizabeth city Union,2020,13.9,128484
elk township,gloucester,Elk township Gloucester,2015,19.3,4180
elk township,gloucester,Elk township Gloucester,2020,19.3,4163
elmer borough,salem,Elmer borough Salem,2015,0.9,1460
elmer borough,salem,Elmer borough Salem,2020,0.9,1333
elmwood park borough,bergen,Elmwood Park borough Bergen,2015,2.7,19959
elmwood park borough,bergen,Elmwood Park borough Bergen,2020,2.7,20019
elsinboro township,salem,Elsinboro township Salem,2015,13.2,1040
elsinboro township,salem,Elsinboro township Salem,2020,13.2,931
emerson borough,bergen,Emerson borough Bergen,2015,2.4,7616
emerson borough,bergen,Emerson borough Bergen,2020,2.4,7606
englewood city,bergen,Englewood city Bergen,2015,4.9,27992
englewood city,bergen,Englewood city Bergen,2020,4.9,28390
englewood cliffs borough,bergen,Englewood Cliffs borough Bergen,2015,2.1,5369
englewood cliffs borough,bergen,Englewood Cliffs borough Bergen,2020,2.1,5349
englishtown borough,monmouth,Englishtown borough Monmouth,2015,0.6,2186
englishtown borough,monmouth,Englishtown borough Monmouth,2020,0.6,1999
essex fells borough,essex,Essex Fells borough Essex,2015,1.4,2153
essex fells borough,essex,Essex Fells borough Essex,2020,1.4,2037
estell manor city,atlantic,Estell Manor city Atlantic,2015,55.2,1728
estell manor city,atlantic,Estell Manor city Atlantic,2020,55.2,1682
evesham township,burlington,Evesham township Burlington,2015,29.6,45664
evesham township,burlington,Evesham township Burlington,2020,29.6,45138
ewing township,mercer,Ewing township Mercer,2015,15.6,36379
ewing township,mercer,Ewing township Mercer,2020,15.6,36150
fair haven borough,monmouth,Fair Haven borough Monmouth,2015,2.1,6075
fair haven borough,monmouth,Fair Haven borough Monmouth,2020,2.1,5833
fair lawn borough,bergen,Fair Lawn borough Bergen,2015,5.2,33164
fair lawn borough,bergen,Fair Lawn borough Bergen,2020,5.2,32986
fairfield township,cumberland,Fairfield township Cumberland,2015,43.5,6476
fairfield township,cumberland,Fairfield township Cumberland,2020,43.5,5975
fairfield township,essex,Fairfield township Essex,2015,10.3,7556
fairfield township,essex,Fairfield township Essex,2020,10.3,7563
fairview borough,bergen,Fairview borough Bergen,2015,0.8,14233
fairview borough,bergen,Fairview borough Bergen,2020,0.8,14218
fanwood borough,union,Fanwood borough Union,2015,1.3,7479
fanwood borough,union,Fanwood borough Union,2020,1.3,7686
far hills borough,somerset,Far Hills borough Somerset,2015,4.9,1052
far hills borough,somerset,Far Hills borough Somerset,2020,4.9,915
farmingdale borough,monmouth,Farmingdale borough Monmouth,2015,0.5,1434
farmingdale borough,monmouth,Farmingdale borough Monmouth,2020,0.5,1307
fieldsboro borough,burlington,Fieldsboro borough Burlington,2015,0.4,624
fieldsboro borough,burlington,Fieldsboro borough Burlington,2020,0.4,761
flemington borough,hunterdon,Flemington borough Hunterdon,2015,1.1,4676
flemington borough,hunterdon,Flemington borough Hunterdon,2020,1.1,4601
florence township,burlington,Florence township Burlington,2015,10.2,12586
florence township,burlington,Florence township Burlington,2020,10.2,12535
florham park borough,morris,Florham Park borough Morris,2015,7.5,11802
florham park borough,morris,Florham Park borough Morris,2020,7.5,11719
folsom borough,atlantic,Folsom borough Atlantic,2015,8.5,1891
folsom borough,atlantic,Folsom borough Atlantic,2020,8.5,1610
fort lee borough,bergen,Fort Lee borough Bergen,2015,2.5,36251
fort lee borough,bergen,Fort Lee borough Bergen,2020,2.5,37843
frankford township,sussex,Frankford township Sussex,2015,35.3,5490
frankford township,sussex,Frankford township Sussex,2020,35.3,5312
franklin borough,sussex,Franklin borough Sussex,2015,4.4,4944
franklin borough,sussex,Franklin borough Sussex,2020,4.4,4737
franklin lakes borough,bergen,Franklin Lakes borough Bergen,2015,9.9,10799
franklin lakes borough,bergen,Franklin Lakes borough Bergen,2020,9.9,11044
franklin township,gloucester,Franklin township Gloucester,2015,56.4,16698
franklin township,gloucester,Franklin township Gloucester,2020,56.4,16415
franklin township,hunterdon,Franklin township Hunterdon,2015,23.2,3235
franklin township,hunterdon,Franklin township Hunterdon,2020,23.2,3404
franklin township,somerset,Franklin township Somerset,2015,46.9,64779
franklin township,somerset,Franklin township Somerset,2020,46.9,65773
franklin township,warren,Franklin township Warren,2015,23.5,3118
franklin township,warren,Franklin township Warren,2020,23.5,3038
fredon township,sussex,Fredon township Sussex,2015,17.9,3315
fredon township,sussex,Fredon township Sussex,2020,17.9,3172
freehold borough,monmouth,Freehold borough Monmouth,2015,1.9,11978
freehold borough,monmouth,Freehold borough Monmouth,2020,1.9,11755
freehold township,monmouth,Freehold township Monmouth,2015,38.9,35936
freehold township,monmouth,Freehold township Monmouth,2020,38.9,34814
frelinghuysen township,warren,Frelinghuysen township Warren,2015,23.9,2479
frelinghuysen township,warren,Frelinghuysen township Warren,2020,23.9,2085
frenchtown borough,hunterdon,Frenchtown borough Hunterdon,2015,1.2,1444
frenchtown borough,hunterdon,Frenchtown borough Hunterdon,2020,1.2,1366
galloway township,atlantic,Galloway township Atlantic,2015,111.3,37431
galloway township,atlantic,Galloway township Atlantic,2020,111.3,35816
garfield city,bergen,Garfield city Bergen,2015,2.2,31265
garfield city,bergen,Garfield city Bergen,2020,2.2,31722
garwood borough,union,Garwood borough Union,2015,0.6,4306
garwood borough,union,Garwood borough Union,2020,0.6,4341
gibbsboro borough,camden,Gibbsboro borough Camden,2015,2.2,2236
gibbsboro borough,camden,Gibbsboro borough Camden,2020,2.2,2238
glassboro borough,gloucester,Glassboro borough Gloucester,2015,9.4,18958
glassboro borough,gloucester,Glassboro borough Gloucester,2020,9.4,20069
glen gardner borough,hunterdon,Glen Gardner borough Hunterdon,2015,1.5,1560
glen gardner borough,hunterdon,Glen Gardner borough Hunterdon,2020,1.5,1554
glen ridge borough,essex,Glen Ridge borough Essex,2015,1.3,7607
glen ridge borough,essex,Glen Ridge borough Essex,2020,1.3,7583
glen rock borough,bergen,Glen Rock borough Bergen,2015,2.7,11859
glen rock borough,bergen,Glen Rock borough Bergen,2020,2.7,11747
gloucester city city,camden,Gloucester City city Camden,2015,2.8,11386
gloucester city city,camden,Gloucester City city Camden,2020,2.8,11229
gloucester township,camden,Gloucester township Camden,2015,23.3,64219
gloucester township,camden,Gloucester township Camden,2020,23.3,63777
green brook township,somerset,Green Brook township Somerset,2015,4.4,7155
green brook township,somerset,Green Brook township Somerset,2020,4.4,6927
green township,sussex,Green township Sussex,2015,16.3,3539
green township,sussex,Green township Sussex,2020,16.3,3482
greenwich township,cumberland,Greenwich township Cumberland,2015,18.5,960
greenwich township,cumberland,Greenwich township Cumberland,2020,18.5,457
greenwich township,gloucester,Greenwich township Gloucester,2015,11.7,4869
greenwich township,gloucester,Greenwich township Gloucester,2020,11.7,4816
greenwich township,warren,Greenwich township Warren,2015,10.6,5580
greenwich township,warren,Greenwich township Warren,2020,10.6,5473
guttenberg town,hudson,Guttenberg town Hudson,2015,0.2,11595
guttenberg town,hudson,Guttenberg town Hudson,2020,0.2,11284
hackensack city,bergen,Hackensack city Bergen,2015,4.3,44035
hackensack city,bergen,Hackensack city Bergen,2020,4.3,44266
hackettstown town,warren,Hackettstown town Warren,2015,3.7,9579
hackettstown town,warren,Hackettstown town Warren,2020,3.7,9440
haddon heights borough,camden,Haddon Heights borough Camden,2015,1.6,7497
haddon heights borough,camden,Haddon Heights borough Camden,2020,1.6,7520
haddon township,camden,Haddon township Camden,2015,2.8,14592
haddon township,camden,Haddon township Camden,2020,2.8,14562
haddonfield borough,camden,Haddonfield borough Camden,2015,2.8,11474
haddonfield borough,camden,Haddonfield borough Camden,2020,2.8,11342
hainesport township,burlington,Hainesport township Burlington,2015,6.8,6097
hainesport township,burlington,Hainesport township Burlington,2020,6.8,6009
haledon borough,passaic,Haledon borough Passaic,2015,1.2,8412
haledon borough,passaic,Haledon borough Passaic,2020,1.2,8298
hamburg borough,sussex,Hamburg borough Sussex,2015,1.2,3209
hamburg borough,sussex,Hamburg borough Sussex,2020,1.2,3149
hamilton township,atlantic,Hamilton township Atlantic,2015,112.9,26861
hamilton township,atlantic,Hamilton township Atlantic,2020,112.9,25856
hamilton township,mercer,Hamilton township Mercer,2015,40.3,89055
hamilton township,mercer,Hamilton township Mercer,2020,40.3,87258
hammonton town,atlantic,Hammonton town Atlantic,2015,41.3,14735
hammonton town,atlantic,Hammonton town Atlantic,2020,41.3,14046
hampton borough,hunterdon,Hampton borough Hunterdon,2015,1.5,1213
hampton borough,hunterdon,Hampton borough Hunterdon,2020,1.5,1182
hampton township,sussex,Hampton township Sussex,2015,25.5,5056
hampton township,sussex,Hampton township Sussex,2020,25.5,4865
hanover township,morris,Hanover township Morris,2015,10.7,14174
hanover township,morris,Hanover township Morris,2020,10.7,14371
harding township,morris,Harding township Morris,2015,20.6,3895
harding township,morris,Harding township Morris,2020,20.6,3794
hardwick township,warren,Hardwick township Warren,2015,39.0,1460
hardwick township,warren,Hardwick township Warren,2020,39.0,1519
hardyston township,sussex,Hardyston township Sussex,2015,32.6,8098
hardyston township,sussex,Hardyston township Sussex,2020,32.6,7815
harmony township,warren,Harmony township Warren,2015,24.1,2592
harmony township,warren,Harmony township Warren,2020,24.1,2703
harrington park borough,bergen,Harrington Park borough Bergen,2015,2.1,4764
harrington park borough,bergen,Harrington Park borough Bergen,2020,2.1,4735
harrison town,hudson,Harrison town Hudson,2015,1.3,14629
harrison town,hudson,Harrison town Hudson,2020,1.3,18313
harrison township,gloucester,Harrison township Gloucester,2015,19.0,12742
harrison township,gloucester,Harrison township Gloucester,2020,19.0,13049
harvey cedars borough,ocean,Harvey Cedars borough Ocean,2015,1.3,416
harvey cedars borough,ocean,Harvey Cedars borough Ocean,2020,1.3,452
hasbrouck heights borough,bergen,Hasbrouck Heights borough Bergen,2015,1.5,12100
hasbrouck heights borough,bergen,Hasbrouck Heights borough Bergen,2020,1.5,12026
haworth borough,bergen,Haworth borough Bergen,2015,2.3,3451
haworth borough,bergen,Haworth borough Bergen,2020,2.3,3400
hawthorne borough,passaic,Hawthorne borough Passaic,2015,3.4,18989
hawthorne borough,passaic,Hawthorne borough Passaic,2020,3.4,18762
hazlet township,monmouth,Hazlet township Monmouth,2015,5.7,20185
hazlet township,monmouth,Hazlet township Monmouth,2020,5.7,19793
helmetta borough,middlesex,Helmetta borough Middlesex,2015,0.9,2350
helmetta borough,middlesex,Helmetta borough Middlesex,2020,0.9,2232
high bridge borough,hunterdon,High Bridge borough Hunterdon,2015,2.4,3581
high bridge borough,hunterdon,High Bridge borough Hunterdon,2020,2.4,3460
highland park borough,middlesex,Highland Park borough Middlesex,2015,1.8,14263
highland park borough,middlesex,Highland Park borough Middlesex,2020,1.8,13803
highlands borough,monmouth,Highlands borough Monmouth,2015,0.9,4947
highlands borough,monmouth,Highlands borough Monmouth,2020,0.9,4746
hightstown borough,mercer,Hightstown borough Mercer,2015,1.3,5529
hightstown borough,mercer,Hightstown borough Mercer,2020,1.3,5334
hillsborough township,somerset,Hillsborough township Somerset,2015,55.1,39378
hillsborough township,somerset,Hillsborough township Somerset,2020,55.1,39760
hillsdale borough,bergen,Hillsdale borough Bergen,2015,2.9,10452
hillsdale borough,bergen,Hillsdale borough Bergen,2020,2.9,10317
hillside township,union,Hillside township Union,2015,2.8,21779
hillside township,union,Hillside township Union,2020,2.8,21955
hi-nella borough,camden,Hi-Nella borough Camden,2015,0.2,831
hi-nella borough,camden,Hi-Nella borough Camden,2020,0.2,1018
hoboken city,hudson,Hoboken city Hudson,2015,1.2,52452
hoboken city,hudson,Hoboken city Hudson,2020,1.2,53283
ho-ho-kus borough,bergen,Ho-Ho-Kus borough Bergen,2015,1.8,4132
ho-ho-kus borough,bergen,Ho-Ho-Kus borough Bergen,2020,1.8,4096
holland township,hunterdon,Holland township Hunterdon,2015,23.9,5195
holland township,hunterdon,Holland township Hunterdon,2020,23.9,5115
holmdel township,monmouth,Holmdel township Monmouth,2015,18.1,16684
holmdel township,monmouth,Holmdel township Monmouth,2020,18.1,16652
hopatcong borough,sussex,Hopatcong borough Sussex,2015,12.4,14802
hopatcong borough,sussex,Hopatcong borough Sussex,2020,12.4,14228
hope township,warren,Hope township Warren,2015,18.3,1882
hope township,warren,Hope township Warren,2020,18.3,1897
hopewell borough,mercer,Hopewell borough Mercer,2015,0.7,1845
hopewell borough,mercer,Hopewell borough Mercer,2020,0.7,1857
hopewell township,cumberland,Hopewell township Cumberland,2015,30.9,4505
hopewell township,cumberland,Hopewell township Cumberland,2020,30.9,4354
hopewell township,mercer,Hopewell township Mercer,2015,58.9,18414
hopewell township,mercer,Hopewell township Mercer,2020,58.9,17967
howell township,monmouth,Howell township Monmouth,2015,61.2,51597
howell township,monmouth,Howell township Monmouth,2020,61.2,52053
independence township,warren,Independence township Warren,2015,20.0,5555
independence township,warren,Independence township Warren,2020,20.0,5438
interlaken borough,monmouth,Interlaken borough Monmouth,2015,0.4,795
interlaken borough,monmouth,Interlaken borough Monmouth,2020,0.4,747
irvington township,essex,Irvington township Essex,2015,2.9,54320
irvington township,essex,Irvington township Essex,2020,2.9,54220
island heights borough,ocean,Island Heights borough Ocean,2015,0.9,1640
island heights borough,ocean,Island Heights borough Ocean,2020,0.9,1480
jackson township,ocean,Jackson township Ocean,2015,100.6,55851
jackson township,ocean,Jackson township Ocean,2020,100.6,57389
jamesburg borough,middlesex,Jamesburg borough Middlesex,2015,0.9,5978
jamesburg borough,middlesex,Jamesburg borough Middlesex,2020,0.9,5876
jefferson township,morris,Jefferson township Morris,2015,42.7,21465
jefferson township,morris,Jefferson township Morris,2020,42.7,20912
jersey city city,hudson,Jersey City city Hudson,2015,15.9,259651
jersey city city,hudson,Jersey City city Hudson,2020,15.9,262652
keansburg borough,monmouth,Keansburg borough Monmouth,2015,1.2,9967
keansburg borough,monmouth,Keansburg borough Monmouth,2020,1.2,9697
kearny town,hudson,Kearny town Hudson,2015,10.2,41866
kearny town,hudson,Kearny town Hudson,2020,10.2,41190
kenilworth borough,union,Kenilworth borough Union,2015,2.2,8104
kenilworth borough,union,Kenilworth borough Union,2020,2.2,8182
keyport borough,monmouth,Keyport borough Monmouth,2015,1.4,7195
keyport borough,monmouth,Keyport borough Monmouth,2020,1.4,7005
kingwood township,hunterdon,Kingwood township Hunterdon,2015,35.6,3800
kingwood township,hunterdon,Kingwood township Hunterdon,2020,35.6,3749
kinnelon borough,morris,Kinnelon borough Morris,2015,19.2,10372
kinnelon borough,morris,Kinnelon borough Morris,2020,19.2,9988
knowlton township,warren,Knowlton township Warren,2015,25.4,2997
knowlton township,warren,Knowlton township Warren,2020,25.4,2941
lacey township,ocean,Lacey township Ocean,2015,99.7,28105
lacey township,ocean,Lacey township Ocean,2020,99.7,29076
lafayette township,sussex,Lafayette township Sussex,2015,18.0,2350
lafayette township,sussex,Lafayette township Sussex,2020,18.0,2238
lake como borough,monmouth,Lake Como borough Monmouth,2015,0.3,1489
lake como borough,monmouth,Lake Como borough Monmouth,2020,0.3,1655
lakehurst borough,ocean,Lakehurst borough Ocean,2015,1.0,2669
lakehurst borough,ocean,Lakehurst borough Ocean,2020,1.0,2707
lakewood township,ocean,Lakewood township Ocean,2015,25.1,96575
lakewood township,ocean,Lakewood township Ocean,2020,25.1,104186
lambertville city,hunterdon,Lambertville city Hunterdon,2015,1.2,3851
lambertville city,hunterdon,Lambertville city Hunterdon,2020,1.2,3809
laurel springs borough,camden,Laurel Springs borough Camden,2015,0.5,1923
laurel springs borough,camden,Laurel Springs borough Camden,2020,0.5,1908
lavallette borough,ocean,Lavallette borough Ocean,2015,1.0,2108
lavallette borough,ocean,Lavallette borough Ocean,2020,1.0,2171
lawnside borough,camden,Lawnside borough Camden,2015,1.4,2926
lawnside borough,camden,Lawnside borough Camden,2020,1.4,2883
lawrence township,cumberland,Lawrence township Cumberland,2015,38.3,3253
lawrence township,cumberland,Lawrence township Cumberland,2020,38.3,3099
lawrence township,mercer,Lawrence township Mercer,2015,22.0,33357
lawrence township,mercer,Lawrence township Mercer,2020,22.0,32551
lebanon borough,hunterdon,Lebanon borough Hunterdon,2015,0.9,1836
lebanon borough,hunterdon,Lebanon borough Hunterdon,2020,0.9,2040
lebanon township,hunterdon,Lebanon township Hunterdon,2015,31.7,6448
lebanon township,hunterdon,Lebanon township Hunterdon,2020,31.7,6106
leonia borough,bergen,Leonia borough Bergen,2015,1.6,9129
leonia borough,bergen,Leonia borough Bergen,2020,1.6,9059
liberty township,warren,Liberty township Warren,2015,11.9,2878
liberty township,warren,Liberty township Warren,2020,11.9,2826
lincoln park borough,morris,Lincoln Park borough Morris,2015,6.9,10478
lincoln park borough,morris,Lincoln Park borough Morris,2020,6.9,10220
linden city,union,Linden city Union,2015,11.1,41322
linden city,union,Linden city Union,2020,11.1,42332
lindenwold borough,camden,Lindenwold borough Camden,2015,3.9,17492
lindenwold borough,camden,Lindenwold borough Camden,2020,3.9,17288
linwood city,atlantic,Linwood city Atlantic,2015,4.4,7036
linwood city,atlantic,Linwood city Atlantic,2020,4.4,6719
little egg harbor township,ocean,Little Egg Harbor township Ocean,2015,74.0,20383
little egg harbor township,ocean,Little Egg Harbor township Ocean,2020,74.0,21418
little falls township,passaic,Little Falls township Passaic,2015,2.9,14551
little falls township,passaic,Little Falls township Passaic,2020,2.9,14487
little ferry borough,bergen,Little Ferry borough Bergen,2015,1.7,10856
little ferry borough,bergen,Little Ferry borough Bergen,2020,1.7,10761
little silver borough,monmouth,Little Silver borough Monmouth,2015,3.2,5937
little silver borough,monmouth,Little Silver borough Monmouth,2020,3.2,5817
livingston township,essex,Livingston township Essex,2015,14.1,29674
livingston township,essex,Livingston township Essex,2020,14.1,30059
loch arbour village,monmouth,Loch Arbour village Monmouth,2015,0.1,189
loch arbour village,monmouth,Loch Arbour village Monmouth,2020,0.1,217
lodi borough,bergen,Lodi borough Bergen,2015,2.3,24590
lodi borough,bergen,Lodi borough Bergen,2020,2.3,24389
logan township,gloucester,Logan township Gloucester,2015,26.3,6008
logan township,gloucester,Logan township Gloucester,2020,26.3,5907
long beach township,ocean,Long Beach township Ocean,2015,23.5,3028
long beach township,ocean,Long Beach township Ocean,2020,23.5,3074
long branch city,monmouth,Long Branch city Monmouth,2015,5.5,30721
long branch city,monmouth,Long Branch city Monmouth,2020,5.5,30424
long hill township,morris,Long Hill township Morris,2015,12.1,8770
long hill township,morris,Long Hill township Morris,2020,12.1,8519
longport borough,atlantic,Longport borough Atlantic,2015,0.6,999
longport borough,atlantic,Longport borough Atlantic,2020,0.6,803
lopatcong township,warren,Lopatcong township Warren,2015,7.4,8183
lopatcong township,warren,Lopatcong township Warren,2020,7.4,8354
lower alloways creek township,salem,Lower Alloways Creek township Salem,2015,47.9,1649
lower alloways creek township,salem,Lower Alloways Creek township Salem,2020,47.9,1729
lower township,cape may,Lower township Cape May,2015,31.0,22393
lower township,cape may,Lower township Cape May,2020,31.0,21515
lumberton township,burlington,Lumberton township Burlington,2015,13.0,12486
lumberton township,burlington,Lumberton township Burlington,2020,13.0,12228
lyndhurst township,bergen,Lyndhurst township Bergen,2015,5.0,21318
lyndhurst township,bergen,Lyndhurst township Bergen,2020,5.0,22453
madison borough,morris,Madison borough Morris,2015,4.3,16091
madison borough,morris,Madison borough Morris,2020,4.3,16647
magnolia borough,camden,Magnolia borough Camden,2015,1.0,4314
magnolia borough,camden,Magnolia borough Camden,2020,1.0,4280
mahwah township,bergen,Mahwah township Bergen,2015,25.9,26368
mahwah township,bergen,Mahwah township Bergen,2020,25.9,26225
manalapan township,monmouth,Manalapan township Monmouth,2015,30.9,39778
manalapan township,monmouth,Manalapan township Monmouth,2020,30.9,39577
manasquan borough,monmouth,Manasquan borough Monmouth,2015,1.6,5830
manasquan borough,monmouth,Manasquan borough Monmouth,2020,1.6,5837
manchester township,ocean,Manchester township Ocean,2015,82.4,43251
manchester township,ocean,Manchester township Ocean,2020,82.4,43649
mannington township,salem,Mannington township Salem,2015,37.9,1775
mannington township,salem,Mannington township Salem,2020,37.9,1854
mansfield township,burlington,Mansfield township Burlington,2015,21.9,8571
mansfield township,burlington,Mansfield township Burlington,2020,21.9,8543
mansfield township,warren,Mansfield township Warren,2015,29.7,7552
mansfield township,warren,Mansfield township Warren,2020,29.7,7382
mantoloking borough,ocean,Mantoloking borough Ocean,2015,0.6,340
mantoloking borough,ocean,Mantoloking borough Ocean,2020,0.6,474
mantua township,gloucester,Mantua township Gloucester,2015,16.1,15113
mantua township,gloucester,Mantua township Gloucester,2020,16.1,14909
manville borough,somerset,Manville borough Somerset,2015,2.4,10454
manville borough,somerset,Manville borough Somerset,2020,2.4,10193
maple shade township,burlington,Maple Shade township Burlington,2015,3.8,19042
maple shade township,burlington,Maple Shade township Burlington,2020,3.8,18590
maplewood township,essex,Maplewood township Essex,2015,3.9,24303
maplewood township,essex,Maplewood township Essex,2020,3.9,25135
margate city city,atlantic,Margate City city Atlantic,2015,1.6,6304
margate city city,atlantic,Margate City city Atlantic,2020,1.6,5921
marlboro township,monmouth,Marlboro township Monmouth,2015,30.4,40603
marlboro township,monmouth,Marlboro township Monmouth,2020,30.4,39877
matawan borough,monmouth,Matawan borough Monmouth,2015,2.4,8887
matawan borough,monmouth,Matawan borough Monmouth,2020,2.4,8696
maurice river township,cumberland,Maurice River township Cumberland,2015,95.2,7905
maurice river township,cumberland,Maurice River township Cumberland,2020,95.2,7157
maywood borough,bergen,Maywood borough Bergen,2015,1.3,9694
maywood borough,bergen,Maywood borough Bergen,2020,1.3,9626
medford lakes borough,burlington,Medford Lakes borough Burlington,2015,1.3,4124
medford lakes borough,burlington,Medford Lakes borough Burlington,2020,1.3,3961
medford township,burlington,Medford township Burlington,2015,39.8,23274
medford township,burlington,Medford township Burlington,2020,39.8,23346
mendham borough,morris,Mendham borough Morris,2015,6.0,5016
mendham borough,morris,Mendham borough Morris,2020,6.0,4880
mendham township,morris,Mendham township Morris,2015,18.0,5885
mendham township,morris,Mendham township Morris,2020,18.0,5722
merchantville borough,camden,Merchantville borough Camden,2015,0.6,3793
merchantville borough,camden,Merchantville borough Camden,2020,0.6,3702
metuchen borough,middlesex,Metuchen borough Middlesex,2015,2.8,13765
metuchen borough,middlesex,Metuchen borough Middlesex,2020,2.8,14289
middle township,cape may,Middle township Cape May,2015,82.7,18813
middle township,cape may,Middle township Cape May,2020,82.7,18400
middlesex borough,middlesex,Middlesex borough Middlesex,2015,3.5,13831
middlesex borough,middlesex,Middlesex borough Middlesex,2020,3.5,13606
middletown township,monmouth,Middletown township Monmouth,2015,43.5,66291
middletown township,monmouth,Middletown township Monmouth,2020,43.5,65316
midland park borough,bergen,Midland Park borough Bergen,2015,1.6,7269
midland park borough,bergen,Midland Park borough Bergen,2020,1.6,7230
milford borough,hunterdon,Milford borough Hunterdon,2015,1.3,1123
milford borough,hunterdon,Milford borough Hunterdon,2020,1.3,1285
millburn township,essex,Millburn township Essex,2015,9.9,20183
millburn township,essex,Millburn township Essex,2020,9.9,20174
millstone borough,somerset,Millstone borough Somerset,2015,0.7,487
millstone borough,somerset,Millstone borough Somerset,2020,0.7,573
millstone township,monmouth,Millstone township Monmouth,2015,37.2,10509
millstone township,monmouth,Millstone township Monmouth,2020,37.2,10418
milltown borough,middlesex,Milltown borough Middlesex,2015,1.6,6989
milltown borough,middlesex,Milltown borough Middlesex,2020,1.6,6973
millville city,cumberland,Millville city Cumberland,2015,44.5,28515
millville city,cumberland,Millville city Cumberland,2020,44.5,27485
mine hill township,morris,Mine Hill township Morris,2015,3.0,3649
mine hill township,morris,Mine Hill township Morris,2020,3.0,3511
monmouth beach borough,monmouth,Monmouth Beach borough Monmouth,2015,2.0,3258
monmouth beach borough,monmouth,Monmouth Beach borough Monmouth,2020,2.0,3226
monroe township,gloucester ,Monroe township Gloucester ,2015,46.9,36665
monroe township,gloucester ,Monroe township Gloucester ,2020,46.9,36861
monroe township,middlesex,Monroe township Middlesex,2015,42.2,42137
monroe township,middlesex,Monroe township Middlesex,2020,42.2,44615
montague township,sussex,Montague township Sussex,2015,46.6,3811
montague township,sussex,Montague township Sussex,2020,46.6,3666
montclair township,essex,Montclair township Essex,2015,6.2,38021
montclair township,essex,Montclair township Essex,2020,6.2,38634
montgomery township,somerset,Montgomery township Somerset,2015,32.5,22693
montgomery township,somerset,Montgomery township Somerset,2020,32.5,23128
montvale borough,bergen,Montvale borough Bergen,2015,4.0,8199
montvale borough,bergen,Montvale borough Bergen,2020,4.0,8538
montville township,morris,Montville township Morris,2015,19.1,21760
montville township,morris,Montville township Morris,2020,19.1,21253
moonachie borough,bergen,Moonachie borough Bergen,2015,1.7,2753
moonachie borough,bergen,Moonachie borough Bergen,2020,1.7,2714
moorestown township,burlington,Moorestown township Burlington,2015,15.0,20650
moorestown township,burlington,Moorestown township Burlington,2020,15.0,20474
morris plains borough,morris,Morris Plains borough Morris,2015,2.6,5598
morris plains borough,morris,Morris Plains borough Morris,2020,2.6,5888
morris township,morris,Morris township Morris,2015,15.8,22585
morris township,morris,Morris township Morris,2020,15.8,22275
morristown town,morris,Morristown town Morris,2015,3.0,18563
morristown town,morris,Morristown town Morris,2020,3.0,19065
mount arlington borough,morris,Mount Arlington borough Morris,2015,2.8,5187
mount arlington borough,morris,Mount Arlington borough Morris,2020,2.8,5751
mount ephraim borough,camden,Mount Ephraim borough Camden,2015,0.9,4646
mount ephraim borough,camden,Mount Ephraim borough Camden,2020,0.9,4591
mount holly township,burlington,Mount Holly township Burlington,2015,2.9,9410
mount holly township,burlington,Mount Holly township Burlington,2020,2.9,9562
mount laurel township,burlington,Mount Laurel township Burlington,2015,22.0,41870
mount laurel township,burlington,Mount Laurel township Burlington,2020,22.0,41443
mount olive township,morris,Mount Olive township Morris,2015,31.2,28682
mount olive township,morris,Mount Olive township Morris,2020,31.2,28913
mountain lakes borough,morris,Mountain Lakes borough Morris,2015,2.9,4262
mountain lakes borough,morris,Mountain Lakes borough Morris,2020,2.9,4249
mountainside borough,union,Mountainside borough Union,2015,4.0,6832
mountainside borough,union,Mountainside borough Union,2020,4.0,6859
mullica township,atlantic,Mullica township Atlantic,2015,56.8,6156
mullica township,atlantic,Mullica township Atlantic,2020,56.8,5894
national park borough,gloucester,National Park borough Gloucester,2015,1.4,3005
national park borough,gloucester,National Park borough Gloucester,2020,1.4,2964
neptune city borough,monmouth,Neptune City borough Monmouth,2015,0.9,4834
neptune city borough,monmouth,Neptune City borough Monmouth,2020,0.9,4654
neptune township,monmouth,Neptune township Monmouth,2015,8.8,27675
neptune township,monmouth,Neptune township Monmouth,2020,8.8,27547
netcong borough,morris,Netcong borough Morris,2015,1.0,3258
netcong borough,morris,Netcong borough Morris,2020,1.0,3167
new brunswick city,middlesex,New Brunswick city Middlesex,2015,5.8,56338
new brunswick city,middlesex,New Brunswick city Middlesex,2020,5.8,55992
new hanover township,burlington,New Hanover township Burlington,2015,22.6,7961
new hanover township,burlington,New Hanover township Burlington,2020,22.6,8101
new milford borough,bergen,New Milford borough Bergen,2015,2.3,16640
new milford borough,bergen,New Milford borough Bergen,2020,2.3,16477
new providence borough,union,New Providence borough Union,2015,3.7,12355
new providence borough,union,New Providence borough Union,2020,3.7,13382
newark city,essex,Newark city Essex,2015,26.2,279793
newark city,essex,Newark city Essex,2020,26.2,281917
newfield borough,gloucester,Newfield borough Gloucester,2015,1.7,1616
newfield borough,gloucester,Newfield borough Gloucester,2020,1.7,1502
newton town,sussex,Newton town Sussex,2015,3.4,8036
newton town,sussex,Newton town Sussex,2020,3.4,7935
north arlington borough,bergen,North Arlington borough Bergen,2015,2.5,15734
north arlington borough,bergen,North Arlington borough Bergen,2020,2.5,15681
north bergen township,hudson,North Bergen township Hudson,2015,5.3,62570
north bergen township,hudson,North Bergen township Hudson,2020,5.3,61181
north brunswick township,middlesex,North Brunswick township Middlesex,2015,12.3,42268
north brunswick township,middlesex,North Brunswick township Middlesex,2020,12.3,41569
north caldwell borough,essex,North Caldwell borough Essex,2015,3.1,6415
north caldwell borough,essex,North Caldwell borough Essex,2020,3.1,6640
north haledon borough,passaic,North Haledon borough Passaic,2015,3.5,8507
north haledon borough,passaic,North Haledon borough Passaic,2020,3.5,8425
north hanover township,burlington,North Hanover township Burlington,2015,17.5,7659
north hanover township,burlington,North Hanover township Burlington,2020,17.5,7513
north plainfield borough,somerset,North Plainfield borough Somerset,2015,2.8,22156
north plainfield borough,somerset,North Plainfield borough Somerset,2020,2.8,21445
north wildwood city,cape may,North Wildwood city Cape May,2015,2.5,3957
north wildwood city,cape may,North Wildwood city Cape May,2020,2.5,3794
northfield city,atlantic,Northfield city Atlantic,2015,3.6,8597
northfield city,atlantic,Northfield city Atlantic,2020,3.6,8088
northvale borough,bergen,Northvale borough Bergen,2015,1.3,4763
northvale borough,bergen,Northvale borough Bergen,2020,1.3,4911
norwood borough,bergen,Norwood borough Bergen,2015,2.8,5823
norwood borough,bergen,Norwood borough Bergen,2020,2.8,5789
nutley township,essex,Nutley township Essex,2015,3.4,28596
nutley township,essex,Nutley township Essex,2020,3.4,28527
oakland borough,bergen,Oakland borough Bergen,2015,8.8,13003
oakland borough,bergen,Oakland borough Bergen,2020,8.8,12953
oaklyn borough,camden,Oaklyn borough Camden,2015,0.7,4004
oaklyn borough,camden,Oaklyn borough Camden,2020,0.7,3961
ocean city city,cape may,Ocean City city Cape May,2015,11.8,11470
ocean city city,cape may,Ocean City city Cape May,2020,11.8,11065
ocean gate borough,ocean,Ocean Gate borough Ocean,2015,0.5,2105
ocean gate borough,ocean,Ocean Gate borough Ocean,2020,0.5,1488
ocean township,monmouth,Ocean township Monmouth,2015,11.0,27153
ocean township,monmouth,Ocean township Monmouth,2020,11.0,26700
ocean township,ocean,Ocean township Ocean,2015,31.6,8628
ocean township,ocean,Ocean township Ocean,2020,31.6,9071
oceanport borough,monmouth,Oceanport borough Monmouth,2015,4.1,5800
oceanport borough,monmouth,Oceanport borough Monmouth,2020,4.1,5715
ogdensburg borough,sussex,Ogdensburg borough Sussex,2015,2.2,2432
ogdensburg borough,sussex,Ogdensburg borough Sussex,2020,2.2,2164
old bridge township,middlesex,Old Bridge township Middlesex,2015,38.7,66594
old bridge township,middlesex,Old Bridge township Middlesex,2020,38.7,65657
old tappan borough,bergen,Old Tappan borough Bergen,2015,4.2,5922
old tappan borough,bergen,Old Tappan borough Bergen,2020,4.2,5924
oldmans township,salem,Oldmans township Salem,2015,20.0,1799
oldmans township,salem,Oldmans township Salem,2020,20.0,1762
oradell borough,bergen,Oradell borough Bergen,2015,2.6,8146
oradell borough,bergen,Oradell borough Bergen,2020,2.6,8126
oxford township,warren,Oxford township Warren,2015,6.1,2478
oxford township,warren,Oxford township Warren,2020,6.1,2508
palisades park borough,bergen,Palisades Park borough Bergen,2015,1.3,20364
palisades park borough,bergen,Palisades Park borough Bergen,2020,1.3,20693
palmyra borough,burlington,Palmyra borough Burlington,2015,2.6,7356
palmyra borough,burlington,Palmyra borough Burlington,2020,2.6,7162
paramus borough,bergen,Paramus borough Bergen,2015,10.5,26760
paramus borough,bergen,Paramus borough Bergen,2020,10.5,26403
park ridge borough,bergen,Park Ridge borough Bergen,2015,2.6,8820
park ridge borough,bergen,Park Ridge borough Bergen,2020,2.6,8721
parsippany-troy hills township,morris,Parsippany-Troy Hills township Morris,2015,25.3,53651
parsippany-troy hills township,morris,Parsippany-Troy Hills township Morris,2020,25.3,52048
passaic city,passaic,Passaic city Passaic,2015,3.2,70618
passaic city,passaic,Passaic city Passaic,2020,3.2,69789
paterson city,passaic,Paterson city Passaic,2015,8.7,146987
paterson city,passaic,Paterson city Passaic,2020,8.7,145484
paulsboro borough,gloucester,Paulsboro borough Gloucester,2015,2.6,6025
paulsboro borough,gloucester,Paulsboro borough Gloucester,2020,2.6,5881
peapack and gladstone borough,somerset,Peapack and Gladstone borough Somerset,2015,5.8,2588
peapack and gladstone borough,somerset,Peapack and Gladstone borough Somerset,2020,5.8,2582
pemberton borough,burlington,Pemberton borough Burlington,2015,0.6,1485
pemberton borough,burlington,Pemberton borough Burlington,2020,0.6,1494
pemberton township,burlington,Pemberton township Burlington,2015,62.8,27884
pemberton township,burlington,Pemberton township Burlington,2020,62.8,27082
pennington borough,mercer,Pennington borough Mercer,2015,1.0,2599
pennington borough,mercer,Pennington borough Mercer,2020,1.0,2553
penns grove borough,salem,Penns Grove borough Salem,2015,0.9,5032
penns grove borough,salem,Penns Grove borough Salem,2020,0.9,4793
pennsauken township,camden,Pennsauken township Camden,2015,12.1,35711
pennsauken township,camden,Pennsauken township Camden,2020,12.1,35704
pennsville township,salem,Pennsville township Salem,2015,24.8,13057
pennsville township,salem,Pennsville township Salem,2020,24.8,12505
pequannock township,morris,Pequannock township Morris,2015,7.1,15550
pequannock township,morris,Pequannock township Morris,2020,7.1,15102
perth amboy city,middlesex,Perth Amboy city Middlesex,2015,5.2,52179
perth amboy city,middlesex,Perth Amboy city Middlesex,2020,5.2,51589
phillipsburg town,warren,Phillipsburg town Warren,2015,3.3,14608
phillipsburg town,warren,Phillipsburg town Warren,2020,3.3,14303
pilesgrove township,salem,Pilesgrove township Salem,2015,35.1,4125
pilesgrove township,salem,Pilesgrove township Salem,2020,35.1,4002
pine beach borough,ocean,Pine Beach borough Ocean,2015,0.7,2175
pine beach borough,ocean,Pine Beach borough Ocean,2020,0.7,2361
pine hill borough,camden,Pine Hill borough Camden,2015,4.0,10419
pine hill borough,camden,Pine Hill borough Camden,2020,4.0,10418
pine valley borough,camden,Pine Valley borough Camden,2015,1.0,3
pine valley borough,camden,Pine Valley borough Camden,2020,1.0,11
piscataway township,middlesex,Piscataway township Middlesex,2015,19.0,57348
piscataway township,middlesex,Piscataway township Middlesex,2020,19.0,56948
pitman borough,gloucester,Pitman borough Gloucester,2015,2.3,8932
pitman borough,gloucester,Pitman borough Gloucester,2020,2.3,8785
pittsgrove township,salem,Pittsgrove township Salem,2015,45.7,9201
pittsgrove township,salem,Pittsgrove township Salem,2020,45.7,8850
plainfield city,union,Plainfield city Union,2015,6.0,50678
plainfield city,union,Plainfield city Union,2020,6.0,50252
plainsboro township,middlesex,Plainsboro township Middlesex,2015,12.1,23420
plainsboro township,middlesex,Plainsboro township Middlesex,2020,12.1,22928
pleasantville city,atlantic,Pleasantville city Atlantic,2015,7.3,20518
pleasantville city,atlantic,Pleasantville city Atlantic,2020,7.3,20226
plumsted township,ocean,Plumsted township Ocean,2015,39.5,8465
plumsted township,ocean,Plumsted township Ocean,2020,39.5,8550
pohatcong township,warren,Pohatcong township Warren,2015,13.7,3279
pohatcong township,warren,Pohatcong township Warren,2020,13.7,3196
point pleasant beach borough,ocean,Point Pleasant Beach borough Ocean,2015,1.9,4604
point pleasant beach borough,ocean,Point Pleasant Beach borough Ocean,2020,1.9,4548
point pleasant borough,ocean,Point Pleasant borough Ocean,2015,4.2,18426
point pleasant borough,ocean,Point Pleasant borough Ocean,2020,4.2,18686
pompton lakes borough,passaic,Pompton Lakes borough Passaic,2015,3.1,11179
pompton lakes borough,passaic,Pompton Lakes borough Passaic,2020,3.1,10998
port republic city,atlantic,Port Republic city Atlantic,2015,8.6,996
port republic city,atlantic,Port Republic city Atlantic,2020,8.6,1127
princeton,mercer,Princeton Mercer,2015,18.4,28936
princeton,mercer,Princeton Mercer,2020,18.4,31161
prospect park borough,passaic,Prospect Park borough Passaic,2015,0.5,5924
prospect park borough,passaic,Prospect Park borough Passaic,2020,0.5,5853
quinton township,salem,Quinton township Salem,2015,24.3,2613
quinton township,salem,Quinton township Salem,2020,24.3,2346
rahway city,union,Rahway city Union,2015,4.0,28644
rahway city,union,Rahway city Union,2020,4.0,29691
ramsey borough,bergen,Ramsey borough Bergen,2015,5.6,14889
ramsey borough,bergen,Ramsey borough Bergen,2020,5.6,14915
randolph township,morris,Randolph township Morris,2015,21.2,25917
randolph township,morris,Randolph township Morris,2020,21.2,25496
raritan borough,somerset,Raritan borough Somerset,2015,2.0,7328
raritan borough,somerset,Raritan borough Somerset,2020,2.0,7833
raritan township,hunterdon,Raritan township Hunterdon,2015,37.6,22048
raritan township,hunterdon,Raritan township Hunterdon,2020,37.6,22252
readington township,hunterdon,Readington township Hunterdon,2015,47.8,15974
readington township,hunterdon,Readington township Hunterdon,2020,47.8,15889
red bank borough,monmouth,Red Bank borough Monmouth,2015,2.2,12238
red bank borough,monmouth,Red Bank borough Monmouth,2020,2.2,12039
ridgefield borough,bergen,Ridgefield borough Bergen,2015,2.9,11256
ridgefield borough,bergen,Ridgefield borough Bergen,2020,2.9,11209
ridgefield park village,bergen,Ridgefield Park village Bergen,2015,1.9,12969
ridgefield park village,bergen,Ridgefield Park village Bergen,2020,1.9,12928
ridgewood village,bergen,Ridgewood village Bergen,2015,5.8,25370
ridgewood village,bergen,Ridgewood village Bergen,2020,5.8,25110
ringwood borough,passaic,Ringwood borough Passaic,2015,28.5,12387
ringwood borough,passaic,Ringwood borough Passaic,2020,28.5,12229
river edge borough,bergen,River Edge borough Bergen,2015,1.9,11566
river edge borough,bergen,River Edge borough Bergen,2020,1.9,11510
river vale township,bergen,River Vale township Bergen,2015,4.3,9883
river vale township,bergen,River Vale township Bergen,2020,4.3,10002
riverdale borough,morris,Riverdale borough Morris,2015,2.1,4154
riverdale borough,morris,Riverdale borough Morris,2020,2.1,4179
riverside township,burlington,Riverside township Burlington,2015,1.6,8044
riverside township,burlington,Riverside township Burlington,2020,1.6,7860
riverton borough,burlington,Riverton borough Burlington,2015,0.9,2766
riverton borough,burlington,Riverton borough Burlington,2020,0.9,2691
robbinsville township,mercer,Robbinsville township Mercer,2015,20.6,14093
robbinsville township,mercer,Robbinsville township Mercer,2020,20.6,14518
rochelle park township,bergen,Rochelle Park township Bergen,2015,1.0,5624
rochelle park township,bergen,Rochelle Park township Bergen,2020,1.0,5580
rockaway borough,morris,Rockaway borough Morris,2015,2.1,6490
rockaway borough,morris,Rockaway borough Morris,2020,2.1,6345
rockaway township,morris,Rockaway township Morris,2015,45.9,24546
rockaway township,morris,Rockaway township Morris,2020,45.9,25395
rockleigh borough,bergen,Rockleigh borough Bergen,2015,1.0,576
rockleigh borough,bergen,Rockleigh borough Bergen,2020,1.0,650
rocky hill borough,somerset,Rocky Hill borough Somerset,2015,0.6,615
rocky hill borough,somerset,Rocky Hill borough Somerset,2020,0.6,655
roosevelt borough,monmouth,Roosevelt borough Monmouth,2015,1.9,800
roosevelt borough,monmouth,Roosevelt borough Monmouth,2020,1.9,913
roseland borough,essex,Roseland borough Essex,2015,3.6,5853
roseland borough,essex,Roseland borough Essex,2020,3.6,5841
roselle borough,union,Roselle borough Union,2015,2.6,21466
roselle borough,union,Roselle borough Union,2020,2.6,21699
roselle park borough,union,Roselle Park borough Union,2015,1.2,13555
roselle park borough,union,Roselle Park borough Union,2020,1.2,13574
roxbury township,morris,Roxbury township Morris,2015,21.9,23517
roxbury township,morris,Roxbury township Morris,2020,21.9,22882
rumson borough,monmouth,Rumson borough Monmouth,2015,7.1,6993
rumson borough,monmouth,Rumson borough Monmouth,2020,7.1,6757
runnemede borough,camden,Runnemede borough Camden,2015,2.1,8414
runnemede borough,camden,Runnemede borough Camden,2020,2.1,8307
rutherford borough,bergen,Rutherford borough Bergen,2015,2.9,18434
rutherford borough,bergen,Rutherford borough Bergen,2020,2.9,18376
saddle brook township,bergen,Saddle Brook township Bergen,2015,2.7,13954
saddle brook township,bergen,Saddle Brook township Bergen,2020,2.7,13762
saddle river borough,bergen,Saddle River borough Bergen,2015,5.0,3229
saddle river borough,bergen,Saddle River borough Bergen,2020,5.0,3180
salem city,salem,Salem city Salem,2015,2.8,4997
salem city,salem,Salem city Salem,2020,2.8,4761
sandyston township,sussex,Sandyston township Sussex,2015,42.1,1939
sandyston township,sussex,Sandyston township Sussex,2020,42.1,1893
sayreville borough,middlesex,Sayreville borough Middlesex,2015,17.6,44051
sayreville borough,middlesex,Sayreville borough Middlesex,2020,17.6,44243
scotch plains township,union,Scotch Plains township Union,2015,9.1,23954
scotch plains township,union,Scotch Plains township Union,2020,9.1,24221
sea bright borough,monmouth,Sea Bright borough Monmouth,2015,1.2,1387
sea bright borough,monmouth,Sea Bright borough Monmouth,2020,1.2,1293
sea girt borough,monmouth,Sea Girt borough Monmouth,2015,1.1,1683
sea girt borough,monmouth,Sea Girt borough Monmouth,2020,1.1,1725
sea isle city city,cape may,Sea Isle City city Cape May,2015,2.8,1788
sea isle city city,cape may,Sea Isle City city Cape May,2020,2.8,2122
seaside heights borough,ocean,Seaside Heights borough Ocean,2015,0.7,2885
seaside heights borough,ocean,Seaside Heights borough Ocean,2020,0.7,2917
seaside park borough,ocean,Seaside Park borough Ocean,2015,1.1,1543
seaside park borough,ocean,Seaside Park borough Ocean,2020,1.1,1752
secaucus town,hudson,Secaucus town Hudson,2015,6.6,18170
secaucus town,hudson,Secaucus town Hudson,2020,6.6,20667
shamong township,burlington,Shamong township Burlington,2015,45.0,6447
shamong township,burlington,Shamong township Burlington,2020,45.0,6385
shiloh borough,cumberland,Shiloh borough Cumberland,2015,1.2,492
shiloh borough,cumberland,Shiloh borough Cumberland,2020,1.2,368
ship bottom borough,ocean,Ship Bottom borough Ocean,2015,1.0,914
ship bottom borough,ocean,Ship Bottom borough Ocean,2020,1.0,1074
shrewsbury borough,monmouth,Shrewsbury borough Monmouth,2015,2.2,3923
shrewsbury borough,monmouth,Shrewsbury borough Monmouth,2020,2.2,4082
shrewsbury township,monmouth,Shrewsbury township Monmouth,2015,0.1,1181
shrewsbury township,monmouth,Shrewsbury township Monmouth,2020,0.1,1309
somerdale borough,camden,Somerdale borough Camden,2015,1.4,5298
somerdale borough,camden,Somerdale borough Camden,2020,1.4,5479
somers point city,atlantic,Somers Point city Atlantic,2015,5.0,10776
somers point city,atlantic,Somers Point city Atlantic,2020,5.0,10250
somerville borough,somerset,Somerville borough Somerset,2015,2.3,12212
somerville borough,somerset,Somerville borough Somerset,2020,2.3,12139
south amboy city,middlesex,South Amboy city Middlesex,2015,2.0,8787
south amboy city,middlesex,South Amboy city Middlesex,2020,2.0,8868
south bound brook borough,somerset,South Bound Brook borough Somerset,2015,0.7,4612
south bound brook borough,somerset,South Bound Brook borough Somerset,2020,0.7,4541
south brunswick township,middlesex,South Brunswick township Middlesex,2015,41.0,44875
south brunswick township,middlesex,South Brunswick township Middlesex,2020,41.0,45517
south hackensack township,bergen,South Hackensack township Bergen,2015,0.7,2705
south hackensack township,bergen,South Hackensack township Bergen,2020,0.7,2670
south harrison township,gloucester,South Harrison township Gloucester,2015,16.0,3161
south harrison township,gloucester,South Harrison township Gloucester,2020,16.0,3143
south orange village township,essex,South Orange Village township Essex,2015,2.8,16305
south orange village township,essex,South Orange Village township Essex,2020,2.8,16634
south plainfield borough,middlesex,South Plainfield borough Middlesex,2015,8.3,23871
south plainfield borough,middlesex,South Plainfield borough Middlesex,2020,8.3,23961
south river borough,middlesex,South River borough Middlesex,2015,2.9,16274
south river borough,middlesex,South River borough Middlesex,2020,2.9,15874
south toms river borough,ocean,South Toms River borough Ocean,2015,1.2,3706
south toms river borough,ocean,South Toms River borough Ocean,2020,1.2,3676
southampton township,burlington,Southampton township Burlington,2015,44.4,10402
southampton township,burlington,Southampton township Burlington,2020,44.4,10139
sparta township,sussex,Sparta township Sussex,2015,38.8,19440
sparta township,sussex,Sparta township Sussex,2020,38.8,18681
spotswood borough,middlesex,Spotswood borough Middlesex,2015,2.4,8413
spotswood borough,middlesex,Spotswood borough Middlesex,2020,2.4,8255
spring lake borough,monmouth,Spring Lake borough Monmouth,2015,1.5,2989
spring lake borough,monmouth,Spring Lake borough Monmouth,2020,1.5,2922
spring lake heights borough,monmouth,Spring Lake Heights borough Monmouth,2015,1.3,4683
spring lake heights borough,monmouth,Spring Lake Heights borough Monmouth,2020,1.3,4530
springfield township,burlington,Springfield township Burlington,2015,29.6,3390
springfield township,burlington,Springfield township Burlington,2020,29.6,3260
springfield township,union,Springfield township Union,2015,5.2,17101
springfield township,union,Springfield township Union,2020,5.2,17432
stafford township,ocean,Stafford township Ocean,2015,54.7,26766
stafford township,ocean,Stafford township Ocean,2020,54.7,27674
stanhope borough,sussex,Stanhope borough Sussex,2015,2.1,3509
stanhope borough,sussex,Stanhope borough Sussex,2020,2.1,3327
stillwater township,sussex,Stillwater township Sussex,2015,28.2,3995
stillwater township,sussex,Stillwater township Sussex,2020,28.2,3900
stockton borough,hunterdon,Stockton borough Hunterdon,2015,0.6,624
stockton borough,hunterdon,Stockton borough Hunterdon,2020,0.6,472
stone harbor borough,cape may,Stone Harbor borough Cape May,2015,2.3,875
stone harbor borough,cape may,Stone Harbor borough Cape May,2020,2.3,876
stow creek township,cumberland,Stow Creek township Cumberland,2015,18.9,1365
stow creek township,cumberland,Stow Creek township Cumberland,2020,18.9,1046
stratford borough,camden,Stratford borough Camden,2015,1.6,7007
stratford borough,camden,Stratford borough Camden,2020,1.6,6968
summit city,union,Summit city Union,2015,6.0,21869
summit city,union,Summit city Union,2020,6.0,21913
surf city borough,ocean,Surf City borough Ocean,2015,1.3,1130
surf city borough,ocean,Surf City borough Ocean,2020,1.3,1260
sussex borough,sussex,Sussex borough Sussex,2015,0.6,1972
sussex borough,sussex,Sussex borough Sussex,2020,0.6,1836
swedesboro borough,gloucester,Swedesboro borough Gloucester,2015,0.8,2612
swedesboro borough,gloucester,Swedesboro borough Gloucester,2020,0.8,2583
tabernacle township,burlington,Tabernacle township Burlington,2015,49.6,6991
tabernacle township,burlington,Tabernacle township Burlington,2020,49.6,6815
tavistock borough,camden,Tavistock borough Camden,2015,0.3,8
tavistock borough,camden,Tavistock borough Camden,2020,0.3,5
teaneck township,bergen,Teaneck township Bergen,2015,6.2,40569
teaneck township,bergen,Teaneck township Bergen,2020,6.2,40461
tenafly borough,bergen,Tenafly borough Bergen,2015,4.6,14788
tenafly borough,bergen,Tenafly borough Bergen,2020,4.6,14550
teterboro borough,bergen,Teterboro borough Bergen,2015,1.1,85
teterboro borough,bergen,Teterboro borough Bergen,2020,1.1,110
tewksbury township,hunterdon,Tewksbury township Hunterdon,2015,31.8,5921
tewksbury township,hunterdon,Tewksbury township Hunterdon,2020,31.8,5796
tinton falls borough,monmouth,Tinton Falls borough Monmouth,2015,15.6,17872
tinton falls borough,monmouth,Tinton Falls borough Monmouth,2020,15.6,17584
toms river township,ocean,Toms River township Ocean,2015,52.7,91029
toms river township,ocean,Toms River township Ocean,2020,52.7,93279
totowa borough,passaic,Totowa borough Passaic,2015,4.1,10931
totowa borough,passaic,Totowa borough Passaic,2020,4.1,10810
trenton city,mercer,Trenton city Mercer,2015,8.2,84632
trenton city,mercer,Trenton city Mercer,2020,8.2,83387
tuckerton borough,ocean,Tuckerton borough Ocean,2015,3.7,3364
tuckerton borough,ocean,Tuckerton borough Ocean,2020,3.7,3373
union beach borough,monmouth,Union Beach borough Monmouth,2015,1.9,5885
union beach borough,monmouth,Union Beach borough Monmouth,2020,1.9,5362
union city city,hudson,Union City city Hudson,2015,1.3,68656
union city city,hudson,Union City city Hudson,2020,1.3,68073
union township,hunterdon,Union township Hunterdon,2015,20.6,5779
union township,hunterdon,Union township Hunterdon,2020,20.6,5688
union township,union,Union township Union,2015,9.1,57606
union township,union,Union township Union,2020,9.1,58735
upper deerfield township,cumberland,Upper Deerfield township Cumberland,2015,31.4,7622
upper deerfield township,cumberland,Upper Deerfield township Cumberland,2020,31.4,7328
upper freehold township,monmouth,Upper Freehold township Monmouth,2015,47.4,6890
upper freehold township,monmouth,Upper Freehold township Monmouth,2020,47.4,7013
upper pittsgrove township,salem,Upper Pittsgrove township Salem,2015,40.4,3474
upper pittsgrove township,salem,Upper Pittsgrove township Salem,2020,40.4,3362
upper saddle river borough,bergen,Upper Saddle River borough Bergen,2015,5.3,8335
upper saddle river borough,bergen,Upper Saddle River borough Bergen,2020,5.3,8214
upper township,cape may,Upper township Cape May,2015,68.4,12157
upper township,cape may,Upper township Cape May,2020,68.4,11867
ventnor city city,atlantic,Ventnor City city Atlantic,2015,2.5,10593
ventnor city city,atlantic,Ventnor City city Atlantic,2020,2.5,9995
vernon township,sussex,Vernon township Sussex,2015,70.0,22955
vernon township,sussex,Vernon township Sussex,2020,70.0,22102
verona township,essex,Verona township Essex,2015,2.8,13489
verona township,essex,Verona township Essex,2020,2.8,13478
victory gardens borough,morris,Victory Gardens borough Morris,2015,0.1,1593
victory gardens borough,morris,Victory Gardens borough Morris,2020,0.1,1604
vineland city,cumberland,Vineland city Cumberland,2015,69.0,60987
vineland city,cumberland,Vineland city Cumberland,2020,69.0,59405
voorhees township,camden,Voorhees township Camden,2015,11.6,29375
voorhees township,camden,Voorhees township Camden,2020,11.6,29188
waldwick borough,bergen,Waldwick borough Bergen,2015,2.1,9902
waldwick borough,bergen,Waldwick borough Bergen,2020,2.1,10051
wall township,monmouth,Wall township Monmouth,2015,31.7,26057
wall township,monmouth,Wall township Monmouth,2020,31.7,25707
wallington borough,bergen,Wallington borough Bergen,2015,1.0,11584
wallington borough,bergen,Wallington borough Bergen,2020,1.0,11553
walpack township,sussex,Walpack township Sussex,2015,24.9,4
walpack township,sussex,Walpack township Sussex,2020,24.9,8
wanaque borough,passaic,Wanaque borough Passaic,2015,9.3,11617
wanaque borough,passaic,Wanaque borough Passaic,2020,9.3,11719
wantage township,sussex,Wantage township Sussex,2015,67.5,11181
wantage township,sussex,Wantage township Sussex,2020,67.5,10899
warren township,somerset,Warren township Somerset,2015,19.6,15867
warren township,somerset,Warren township Somerset,2020,19.6,15708
washington borough,warren,Washington borough Warren,2015,2.0,6466
washington borough,warren,Washington borough Warren,2020,2.0,6475
washington township,bergen,Washington township Bergen,2015,3.0,9271
washington township,bergen,Washington township Bergen,2020,3.0,9208
washington township,burlington,Washington township Burlington,2015,104.8,854
washington township,burlington,Washington township Burlington,2020,104.8,609
washington township,gloucester,Washington township Gloucester,2015,21.5,48097
washington township,gloucester,Washington township Gloucester,2020,21.5,47878
washington township,morris,Washington township Morris,2015,44.9,18729
washington township,morris,Washington township Morris,2020,44.9,18304
washington township,warren,Washington township Warren,2015,18.0,6510
washington township,warren,Washington township Warren,2020,18.0,6386
watchung borough,somerset,Watchung borough Somerset,2015,6.0,5900
watchung borough,somerset,Watchung borough Somerset,2020,6.0,6040
waterford township,camden,Waterford township Camden,2015,36.2,10726
waterford township,camden,Waterford township Camden,2020,36.2,10694
wayne township,passaic,Wayne township Passaic,2015,25.2,55110
wayne township,passaic,Wayne township Passaic,2020,25.2,53665
weehawken township,hudson,Weehawken township Hudson,2015,0.8,13215
weehawken township,hudson,Weehawken township Hudson,2020,0.8,14756
wenonah borough,gloucester,Wenonah borough Gloucester,2015,1.0,2199
wenonah borough,gloucester,Wenonah borough Gloucester,2020,1.0,2255
west amwell township,hunterdon,West Amwell township Hunterdon,2015,21.9,2794
west amwell township,hunterdon,West Amwell township Hunterdon,2020,21.9,2764
west caldwell township,essex,West Caldwell township Essex,2015,5.1,10936
west caldwell township,essex,West Caldwell township Essex,2020,5.1,10872
west cape may borough,cape may,West Cape May borough Cape May,2015,1.2,966
west cape may borough,cape may,West Cape May borough Cape May,2020,1.2,1008
west deptford township,gloucester,West Deptford township Gloucester,2015,17.8,21493
west deptford township,gloucester,West Deptford township Gloucester,2020,17.8,21089
west long branch borough,monmouth,West Long Branch borough Monmouth,2015,2.9,7974
west long branch borough,monmouth,West Long Branch borough Monmouth,2020,2.9,7911
west milford township,passaic,West Milford township Passaic,2015,81.0,26610
west milford township,passaic,West Milford township Passaic,2020,81.0,26355
west new york town,hudson,West New York town Hudson,2015,1.0,51860
west new york town,hudson,West New York town Hudson,2020,1.0,52778
west orange township,essex,West Orange township Essex,2015,12.1,47014
west orange township,essex,West Orange township Essex,2020,12.1,47528
west wildwood borough,cape may,West Wildwood borough Cape May,2015,0.4,448
west wildwood borough,cape may,West Wildwood borough Cape May,2020,0.4,409
west windsor township,mercer,West Windsor township Mercer,2015,26.3,27872
west windsor township,mercer,West Windsor township Mercer,2020,26.3,28074
westampton township,burlington,Westampton township Burlington,2015,11.1,8780
westampton township,burlington,Westampton township Burlington,2020,11.1,8687
westfield town,union,Westfield town Union,2015,6.7,30552
westfield town,union,Westfield town Union,2020,6.7,29690
westville borough,gloucester,Westville borough Gloucester,2015,1.4,4247
westville borough,gloucester,Westville borough Gloucester,2020,1.4,4171
westwood borough,bergen,Westwood borough Bergen,2015,2.3,11140
westwood borough,bergen,Westwood borough Bergen,2020,2.3,11096
weymouth township,atlantic,Weymouth township Atlantic,2015,12.2,2755
weymouth township,atlantic,Weymouth township Atlantic,2020,12.2,2800
wharton borough,morris,Wharton borough Morris,2015,2.1,6607
wharton borough,morris,Wharton borough Morris,2020,2.1,6458
white township,warren,White township Warren,2015,27.8,4775
white township,warren,White township Warren,2020,27.8,4685
wildwood city,cape may,Wildwood city Cape May,2015,1.7,5234
wildwood city,cape may,Wildwood city Cape May,2020,1.7,4985
wildwood crest borough,cape may,Wildwood Crest borough Cape May,2015,1.5,3227
wildwood crest borough,cape may,Wildwood Crest borough Cape May,2020,1.5,3073
willingboro township,burlington,Willingboro township Burlington,2015,8.1,31476
willingboro township,burlington,Willingboro township Burlington,2020,8.1,31862
winfield township,union,Winfield township Union,2015,0.2,1572
winfield township,union,Winfield township Union,2020,0.2,1576
winslow township,camden,Winslow township Camden,2015,58.2,39178
winslow township,camden,Winslow township Camden,2020,58.2,38741
woodbine borough,cape may,Woodbine borough Cape May,2015,8.0,2710
woodbine borough,cape may,Woodbine borough Cape May,2020,8.0,2352
woodbridge township,middlesex,Woodbridge township Middlesex,2015,24.0,101164
woodbridge township,middlesex,Woodbridge township Middlesex,2020,24.0,99788
woodbury city,gloucester,Woodbury city Gloucester,2015,2.1,10087
woodbury city,gloucester,Woodbury city Gloucester,2020,2.1,9839
woodbury heights borough,gloucester,Woodbury Heights borough Gloucester,2015,1.3,3022
woodbury heights borough,gloucester,Woodbury Heights borough Gloucester,2020,1.3,2977
woodcliff lake borough,bergen,Woodcliff Lake borough Bergen,2015,3.5,5818
woodcliff lake borough,bergen,Woodcliff Lake borough Bergen,2020,3.5,5836
woodland park borough,passaic,Woodland Park borough Passaic,2015,3.1,12267
woodland park borough,passaic,Woodland Park borough Passaic,2020,3.1,12608
woodland township,burlington,Woodland township Burlington,2015,94.4,1392
woodland township,burlington,Woodland township Burlington,2020,94.4,1951
woodlynne borough,camden,Woodlynne borough Camden,2015,0.2,2970
woodlynne borough,camden,Woodlynne borough Camden,2020,0.2,2911
wood-ridge borough,bergen,Wood-Ridge borough Bergen,2015,1.1,7938
wood-ridge borough,bergen,Wood-Ridge borough Bergen,2020,1.1,9016
woodstown borough,salem,Woodstown borough Salem,2015,1.6,3562
woodstown borough,salem,Woodstown borough Salem,2020,1.6,3445
woolwich township,gloucester,Woolwich township Gloucester,2015,21.4,11546
woolwich township,gloucester,Woolwich township Gloucester,2020,21.4,12749
wrightstown borough,burlington,Wrightstown borough Burlington,2015,1.8,821
wrightstown borough,burlington,Wrightstown borough Burlington,2020,1.8,546
wyckoff township,bergen,Wyckoff township Bergen,2015,6.6,17045
wyckoff township,bergen,Wyckoff township Bergen,2020,6.6,16959
